id,name,village,sector,budgetTotal,budgetSpent,progressPhysical,status,sourceOfFunds,photoUrl,photoName,budgetReportUrl,budgetReportName,incompleteReason,isKecamatanApproved,recommendation,approvedBy,approvedAt,lastUpdated,createdAt,year
act-1,Semenisasi Jalan Usaha Tani RT 05 Dusun Harapan,Bangun Mulya,Pembangunan Desa (Infrastruktur),125000000,90000000,75,DALAM_PROSES,Dana Desa (DD),/assets/images/semenisasi_jalan.jpg,,,,,FALSE,,,,2026-06-12T10:30:00Z,2026-04-10T08:00:00Z,2026
act-2,Pembangunan Posyandu Terintegrasi Kasih Ibu,Bangun Mulya,Pembangunan Desa (Infrastruktur),85000000,85000000,100,SELESAI,Alokasi Dana Desa (ADD),https://images.unsplash.com/photo-1576091160550-2173dba999ef?auto=format&fit=crop&q=80&w=600,,LAPORAN_REALISASI_POSYANDU_BANGUN_MULYA.pdf,,,TRUE,Laporan fisik sangat baik. Sesuai dengan spesifikasi teknis rencana kerja. Teruskan program pemeliharaan berkala.,Bpk. Siswanto (Kasi PMD Kec. Waru),2026-06-05T14:20:00Z,2026-06-05T14:20:00Z,2026-02-15T09:00:00Z,2026
act-3,Penyaluran Bantuan Langsung Tunai (BLT) Dana Desa Triwulan II,Bangun Mulya,Penanggulangan Bencana & Mendesak,54000000,54000000,100,SELESAI,Dana Desa (DD),,,SPJ_BLT_TRIWULAN_II_BANGUN_MULYA.pdf,,,FALSE,Penyaluran tepat sasaran untuk 60 KPM. Harap unggah dokumentasi penyerahan.,,,2026-06-11T16:45:00Z,2026-05-01T08:30:00Z,2026
act-4,Rehabilitasi Jembatan Penghubung Desa Sesulu RT 02,Sesulu,Pembangunan Desa (Infrastruktur),180000000,135000000,60,DALAM_PROSES,Bantuan Keuangan (Bankeu),https://images.unsplash.com/photo-1544982503-9f984c14501a?auto=format&fit=crop&q=80&w=600,,,,,FALSE,,,,2026-06-13T09:15:00Z,2026-03-20T10:00:00Z,2026
act-5,Pelatihan Pemberdayaan Kerajinan Anyaman Lidi Kelapa,Sesulu,Pemberdayaan Masyarakat,30000000,30000000,100,MENUNGGU_EVALUASI,Pendapatan Bagi Hasil (PBH),https://images.unsplash.com/photo-1513519245088-0e12902e5a38?auto=format&fit=crop&q=80&w=600,,LAP_KEGIATAN_ANYAMAN_SESULU_2026.pdf,,,FALSE,,,,2026-06-13T11:00:00Z,2026-05-10T11:00:00Z,2026
act-6,Pengadaan Bibit Sawit dan Pupuk Organik bagi Kelompok Tani,Sesulu,Pemberdayaan Masyarakat,95000000,0,0,BELUM_MULAI,Dana Desa (DD),,,,,,FALSE,,,,2026-06-01T08:00:00Z,2026-05-25T08:00:00Z,2026
act-7,Normalisasi Drainase Utama Penanggulangan Banjir RT 08,Api-api,Pembangunan Desa (Infrastruktur),150000000,150000000,100,SELESAI,Bantuan Keuangan (Bankeu),https://images.unsplash.com/photo-1541888946425-d81bb19240f5?auto=format&fit=crop&q=80&w=600,,LPJ_NORMALISASI_DRAINASE_API_API.pdf,,,TRUE,Rehabilitasi saluran air berfungsi dengan baik saat intensitas hujan tinggi. Menunggu peninjauan lapangan tambahan.,Bpk. Siswanto (Kasi PMD Kec. Waru),2026-06-10T10:00:00Z,2026-06-10T10:00:00Z,2026-03-01T09:00:00Z,2026
act-8,Penyelenggaraan Pos Layanan Teknis Desa (Posyantek),Api-api,Pembinaan Kemasyarakatan,25000000,12500000,50,DALAM_PROSES,Pendapatan Asli Desa (PAD),,,,,,FALSE,,,,2026-06-12T15:20:00Z,2026-04-15T08:00:00Z,2026
act-9,Pengadaan Insentif Guru PAUD dan Guru Mengaji Desa Api-api,Api-api,Pembinaan Kemasyarakatan,48000000,24000000,50,DALAM_PROSES,Alokasi Dana Desa (ADD),,,,,,FALSE,,,,2026-06-13T16:00:00Z,2026-01-10T08:00:00Z,2026
act-10,Pengadaan Sarana Perpustakaan Desa dan Buku Literasi Masyarakat,Sesulu,Pembangunan Desa (Non Infrastruktur),35000000,35000000,100,SELESAI,Dana Desa (DD),https://images.unsplash.com/photo-1521587760476-6c12a4b040da?auto=format&fit=crop&q=80&w=600,,SPJ_PERPUSTAKAAN_SESULU_2026.pdf,,,TRUE,Sarana literasi sudah lengkap dan tersalurkan dengan baik ke perpustakaan desa. Pertahankan.,Bpk. Siswanto (Kasi PMD Kec. Waru),2026-06-12T11:00:00Z,2026-06-12T11:00:00Z,2026-03-10T10:00:00Z,2026
act-11,Pengadaan Layanan Internet Desa untuk Keterbukaan Informasi Publik,Bangun Mulya,Pembangunan Desa (Non Infrastruktur),42000000,31500000,75,DALAM_PROSES,Alokasi Dana Desa (ADD),,,,,,FALSE,,,,2026-06-14T09:00:00Z,2026-04-05T09:00:00Z,2026